Backbone_Run,Backbone_Source,Gate_Mode,Gate_Temperature,Gate_Side_Cap,Gate_Global_Floor,SearchStage,Experiment_ID,Experiment,PackName,ModelFamily,ComplexityScore,Features,CV_PR_AUC,Val_AUC,Val_PR_AUC,Val_F1,Val_Threshold,Test_AUC,Test_PR_AUC,Test_F1,Test_Recall,Test_Specificity,Test_C_Index,Best_Params,Status,ComponentModels
global_floor_040,retrained,global_floor,1.0,,0.4,screen,global_floor_040::teacher_landmark_gate_raw::lr,teacher_landmark_gate_raw__lr,teacher_landmark_gate_raw,lr,1,4,0.22377839376599332,0.868623450007848,0.37213450836726075,0.5185185185185185,0.1999999999999999,0.7941009642654566,0.24850100285425553,0.3146067415730337,0.34146341463414637,0.9281183932346723,0.7013470400567174,{'clf__C': 0.05},ok,
global_floor_040,retrained,global_floor,1.0,,0.4,screen,global_floor_040::teacher_landmark_gate_raw::elastic_lr,teacher_landmark_gate_raw__elastic_lr,teacher_landmark_gate_raw,elastic_lr,2,4,0.2180171982247281,0.8689373724690002,0.36829297270371236,0.5,0.2049999999999999,0.7949260042283297,0.24544152729653537,0.3333333333333333,0.36585365853658536,0.9281183932346723,0.7034739454094293,"{'clf__l1_ratio': 0.1, 'clf__C': 0.5}",ok,
side_cap_035,retrained,side_cap,1.0,0.35,,screen,side_cap_035::teacher_only_raw::lr,teacher_only_raw__lr,teacher_only_raw,lr,1,1,0.26210090282279097,0.8565374352534925,0.3643190766455836,0.379746835443038,0.12499999999999996,0.8362295673696695,0.22933853677572583,0.37662337662337664,0.7073170731707317,0.8224101479915433,0.7444168734491315,{'clf__C': 0.01},ok,
side_cap_035,retrained,side_cap,1.0,0.35,,screen,side_cap_035::teacher_only_raw::lr_balanced,teacher_only_raw__lr_balanced,teacher_only_raw,lr_balanced,1,1,0.26210090282279097,0.8565374352534925,0.3643190766455836,0.3829787234042553,0.7449999999999997,0.8362295673696695,0.22933853677572583,0.20512820512820512,0.1951219512195122,0.9386892177589852,0.7444168734491315,{'clf__C': 0.01},ok,
side_cap_035,retrained,side_cap,1.0,0.35,,screen,side_cap_035::teacher_only_raw::elastic_lr,teacher_only_raw__elastic_lr,teacher_only_raw,elastic_lr,2,1,0.26210090282279097,0.8565374352534925,0.3643190766455836,0.3829787234042553,0.2499999999999999,0.8362295673696695,0.22933853677572583,0.20512820512820512,0.1951219512195122,0.9386892177589852,0.7444168734491315,"{'clf__l1_ratio': 0.5, 'clf__C': 5}",ok,
side_cap_035,retrained,side_cap,1.0,0.35,,wide,side_cap_035::teacher_only_cal::elastic_lr_sparse_fixed,teacher_only_cal__elastic_lr_sparse_fixed,teacher_only_cal,elastic_lr_sparse_fixed,2,1,0.26210090282279097,0.8565374352534925,0.3643190766455836,0.3829787234042553,0.19499999999999995,0.8362295673696695,0.22933853677572583,0.20512820512820512,0.1951219512195122,0.9386892177589852,0.7444168734491315,,ok,
side_cap_035,retrained,side_cap,1.0,0.35,,wide,side_cap_035::teacher_only_cal::elastic_lr_dense_fixed,teacher_only_cal__elastic_lr_dense_fixed,teacher_only_cal,elastic_lr_dense_fixed,2,1,0.26210090282279097,0.8565374352534925,0.3643190766455836,0.3829787234042553,0.2099999999999999,0.8362295673696695,0.22933853677572583,0.20512820512820512,0.1951219512195122,0.9386892177589852,0.7444168734491315,,ok,
side_cap_035,retrained,side_cap,1.0,0.35,,screen,side_cap_035::teacher_landmark_raw::elastic_lr,teacher_landmark_raw__elastic_lr,teacher_landmark_raw,elastic_lr,2,2,0.26210090282279097,0.8565374352534925,0.3643190766455836,0.3829787234042553,0.22499999999999992,0.8362295673696695,0.22933853677572583,0.20512820512820512,0.1951219512195122,0.9386892177589852,0.7444168734491315,"{'clf__l1_ratio': 0.7, 'clf__C': 0.05}",ok,
side_cap_035,retrained,side_cap,1.0,0.35,,wide,side_cap_035::teacher_only_raw_cal::elastic_lr_sparse_fixed,teacher_only_raw_cal__elastic_lr_sparse_fixed,teacher_only_raw_cal,elastic_lr_sparse_fixed,2,2,0.26210090282279097,0.8565374352534925,0.3643190766455836,0.3829787234042553,0.22499999999999992,0.8362295673696695,0.22933853677572583,0.20512820512820512,0.1951219512195122,0.9386892177589852,0.7444168734491315,,ok,
side_cap_035,retrained,side_cap,1.0,0.35,,wide,side_cap_035::teacher_only_raw_cal::elastic_lr_dense_fixed,teacher_only_raw_cal__elastic_lr_dense_fixed,teacher_only_raw_cal,elastic_lr_dense_fixed,2,2,0.26210090282279097,0.8565374352534925,0.3643190766455836,0.3829787234042553,0.2499999999999999,0.8362295673696695,0.22933853677572583,0.20512820512820512,0.1951219512195122,0.9386892177589852,0.7444168734491315,,ok,
side_cap_035,retrained,side_cap,1.0,0.35,,wide,side_cap_035::teacher_landmark_raw_cal::elastic_lr_sparse_fixed,teacher_landmark_raw_cal__elastic_lr_sparse_fixed,teacher_landmark_raw_cal,elastic_lr_sparse_fixed,2,4,0.26210090282279097,0.8565374352534925,0.3643190766455836,0.3829787234042553,0.22499999999999992,0.8362295673696695,0.22933853677572583,0.20512820512820512,0.1951219512195122,0.9386892177589852,0.7444168734491315,,ok,
side_cap_035,retrained,side_cap,1.0,0.35,,ensemble,side_cap_035::stack_elastic_top3,stack_elastic_top3,top3_stack,stack_elastic,4,3,0.26210090282279097,0.8565374352534925,0.3643190766455836,0.3829787234042553,0.2049999999999999,0.8362295673696695,0.22933853677572583,0.20512820512820512,0.1951219512195122,0.9386892177589852,0.7444168734491315,"{'clf__l1_ratio': 0.7, 'clf__C': 0.05}",ok,teacher_only_cal__elastic_lr_sparse_fixed|teacher_only_cal__elastic_lr_dense_fixed|teacher_only_raw_cal__elastic_lr_sparse_fixed
side_cap_035,retrained,side_cap,1.0,0.35,,ensemble,side_cap_035::rank_average_top3,rank_average_top3,top3_rank_average,rank_average,5,3,0.23353556873190345,0.8565374352534925,0.3643190766455836,0.3617021276595745,0.7649999999999997,0.8362295673696695,0.22933853677572583,0.35802469135802467,0.7073170731707317,0.8054968287526427,0.7444168734491315,,ok,teacher_only_cal__elastic_lr_sparse_fixed|teacher_only_cal__elastic_lr_dense_fixed|teacher_only_raw_cal__elastic_lr_sparse_fixed
side_cap_035,retrained,side_cap,1.0,0.35,,screen,side_cap_035::teacher_landmark_windowed_raw::elastic_lr,teacher_landmark_windowed_raw__elastic_lr,teacher_landmark_windowed_raw,elastic_lr,2,17,0.26210090282279097,0.8574792026369487,0.3630553434339656,0.39473684210526316,0.14499999999999996,0.8387046872582891,0.23450932427777993,0.3783783783783784,0.6829268292682927,0.8329809725158562,0.7429989365473236,"{'clf__l1_ratio': 0.9, 'clf__C': 0.05}",ok,
side_cap_035,retrained,side_cap,1.0,0.35,,screen,side_cap_035::teacher_landmark_raw::lr_balanced,teacher_landmark_raw__lr_balanced,teacher_landmark_raw,lr_balanced,1,2,0.25804303524784467,0.851985559566787,0.3615683278061662,0.37735849056603776,0.7699999999999997,0.8340638374671273,0.23028918846369434,0.28865979381443296,0.34146341463414637,0.9112050739957717,0.7396313364055299,{'clf__C': 5},ok,
side_cap_035,retrained,side_cap,1.0,0.35,,screen,side_cap_035::teacher_landmark_gate_raw::elastic_lr,teacher_landmark_gate_raw__elastic_lr,teacher_landmark_gate_raw,elastic_lr,2,5,0.2612203237527824,0.8557526291006121,0.36155319126820706,0.379746835443038,0.13499999999999995,0.8364873923580673,0.23650267494605484,0.3741935483870968,0.7073170731707317,0.8202959830866807,0.7445941155618575,"{'clf__l1_ratio': 0.7, 'clf__C': 0.05}",ok,
softmax_free,retrained,softmax_free,1.0,,,screen,softmax_free::teacher_landmark_raw::lr,teacher_landmark_raw__lr,teacher_landmark_raw,lr,1,2,0.18991748121092408,0.8304818709778685,0.3575598743826772,0.43636363636363634,0.14999999999999997,0.7999278090032486,0.26695286821842906,0.29473684210526313,0.34146341463414637,0.9154334038054969,0.7584190003544842,{'clf__C': 0.01},ok,
global_floor_040,retrained,global_floor,1.0,,0.4,screen,global_floor_040::teacher_landmark_gate_raw::lr_balanced,teacher_landmark_gate_raw__lr_balanced,teacher_landmark_gate_raw,lr_balanced,1,4,0.22534298552989118,0.8657981478574792,0.356772088448972,0.49122807017543857,0.7249999999999998,0.7935853142886609,0.25533494678919977,0.3111111111111111,0.34146341463414637,0.9260042283298098,0.7002835873803616,{'clf__C': 0.01},ok,
softmax_free,retrained,softmax_free,1.0,,,screen,softmax_free::teacher_landmark_raw::lr_balanced,teacher_landmark_raw__lr_balanced,teacher_landmark_raw,lr_balanced,1,2,0.1908956594230058,0.8276565688274996,0.351949471798527,0.43636363636363634,0.7049999999999997,0.7997215490125303,0.26748225483626314,0.28865979381443296,0.34146341463414637,0.9112050739957717,0.7568238213399504,{'clf__C': 0.01},ok,
softmax_free,retrained,softmax_free,1.0,,,screen,softmax_free::teacher_landmark_raw::elastic_lr,teacher_landmark_raw__elastic_lr,teacher_landmark_raw,elastic_lr,2,2,0.18883748639510758,0.8264008789828912,0.35000718078773835,0.43137254901960786,0.19499999999999995,0.7996184190171711,0.26728121188198617,0.3010752688172043,0.34146341463414637,0.919661733615222,0.7555831265508685,"{'clf__l1_ratio': 0.1, 'clf__C': 0.5}",ok,
global_floor_040,retrained,global_floor,1.0,,0.4,screen,global_floor_040::teacher_only_raw::lr,teacher_only_raw__lr,teacher_only_raw,lr,1,1,0.21810474568954052,0.8295401035944122,0.34943794265680206,0.4,0.16499999999999992,0.778631464961584,0.20565758790479746,0.14035087719298245,0.0975609756097561,0.9746300211416491,0.6983339241403758,{'clf__C': 0.01},ok,
global_floor_040,retrained,global_floor,1.0,,0.4,screen,global_floor_040::teacher_only_raw::lr_balanced,teacher_only_raw__lr_balanced,teacher_only_raw,lr_balanced,1,1,0.21810474568954052,0.8295401035944122,0.34943794265680206,0.3888888888888889,0.7399999999999997,0.778631464961584,0.20565758790479746,0.1724137931034483,0.12195121951219512,0.9746300211416491,0.6983339241403758,{'clf__C': 0.01},ok,
global_floor_040,retrained,global_floor,1.0,,0.4,screen,global_floor_040::teacher_only_raw::elastic_lr,teacher_only_raw__elastic_lr,teacher_only_raw,elastic_lr,2,1,0.21810474568954052,0.8295401035944122,0.34943794265680206,0.3888888888888889,0.24499999999999988,0.778631464961584,0.20565758790479746,0.14035087719298245,0.0975609756097561,0.9746300211416491,0.6983339241403758,"{'clf__l1_ratio': 0.5, 'clf__C': 5}",ok,
global_floor_040,retrained,global_floor,1.0,,0.4,wide,global_floor_040::teacher_only_cal::elastic_lr_sparse_fixed,teacher_only_cal__elastic_lr_sparse_fixed,teacher_only_cal,elastic_lr_sparse_fixed,2,1,0.21810474568954052,0.8295401035944122,0.34943794265680206,0.4,0.22999999999999993,0.778631464961584,0.20565758790479746,0.14035087719298245,0.0975609756097561,0.9746300211416491,0.6983339241403758,,ok,
global_floor_040,retrained,global_floor,1.0,,0.4,wide,global_floor_040::teacher_only_cal::elastic_lr_dense_fixed,teacher_only_cal__elastic_lr_dense_fixed,teacher_only_cal,elastic_lr_dense_fixed,2,1,0.21810474568954052,0.8295401035944122,0.34943794265680206,0.4,0.2549999999999999,0.778631464961584,0.20565758790479746,0.14035087719298245,0.0975609756097561,0.9746300211416491,0.6983339241403758,,ok,
global_floor_040,retrained,global_floor,1.0,,0.4,wide,global_floor_040::teacher_only_raw_cal::elastic_lr_sparse_fixed,teacher_only_raw_cal__elastic_lr_sparse_fixed,teacher_only_raw_cal,elastic_lr_sparse_fixed,2,2,0.21810474568954052,0.8295401035944122,0.34943794265680206,0.3888888888888889,0.2149999999999999,0.778631464961584,0.20565758790479746,0.1724137931034483,0.12195121951219512,0.9746300211416491,0.6983339241403758,,ok,
global_floor_040,retrained,global_floor,1.0,,0.4,wide,global_floor_040::teacher_only_raw_cal::elastic_lr_dense_fixed,teacher_only_raw_cal__elastic_lr_dense_fixed,teacher_only_raw_cal,elastic_lr_dense_fixed,2,2,0.21810474568954052,0.8295401035944122,0.34943794265680206,0.3888888888888889,0.22999999999999993,0.778631464961584,0.20565758790479746,0.1724137931034483,0.12195121951219512,0.9746300211416491,0.6983339241403758,,ok,
global_floor_040,retrained,global_floor,1.0,,0.4,ensemble,global_floor_040::stack_elastic_top3,stack_elastic_top3,top3_stack,stack_elastic,4,3,0.21810474568954052,0.8295401035944122,0.34943794265680206,0.3888888888888889,0.22499999999999992,0.778631464961584,0.20565758790479746,0.14035087719298245,0.0975609756097561,0.9746300211416491,0.6983339241403758,"{'clf__l1_ratio': 0.7, 'clf__C': 0.05}",ok,teacher_only_cal__elastic_lr_sparse_fixed|teacher_only_cal__elastic_lr_dense_fixed|teacher_only_raw_cal__elastic_lr_sparse_fixed
global_floor_040,retrained,global_floor,1.0,,0.4,ensemble,global_floor_040::rank_average_top3,rank_average_top3,top3_rank_average,rank_average,5,3,0.18731487653265413,0.8295401035944122,0.34943794265680206,0.3333333333333333,0.6999999999999997,0.778631464961584,0.20565758790479746,0.2857142857142857,0.6829268292682927,0.7315010570824524,0.6983339241403758,,ok,teacher_only_cal__elastic_lr_sparse_fixed|teacher_only_cal__elastic_lr_dense_fixed|teacher_only_raw_cal__elastic_lr_sparse_fixed
softmax_free,retrained,softmax_free,1.0,,,wide,softmax_free::teacher_landmark_raw_cal::elastic_lr_sparse_fixed,teacher_landmark_raw_cal__elastic_lr_sparse_fixed,teacher_landmark_raw_cal,elastic_lr_sparse_fixed,2,4,0.1864305511844324,0.8240464605242505,0.347276548191397,0.41509433962264153,0.16999999999999993,0.7991027690403755,0.2662260409105082,0.29473684210526313,0.34146341463414637,0.9154334038054969,0.7541651896490607,,ok,
reuse_current_hard_cap_025,reuse_current,side_cap,1.0,0.25,,screen,reuse_current_hard_cap_025::teacher_landmark_gate_raw::lr_balanced,teacher_landmark_gate_raw__lr_balanced,teacher_landmark_gate_raw,lr_balanced,1,5,0.29508107043033155,0.8427248469628001,0.3445652603598427,0.43333333333333335,0.7449999999999997,0.8292167276852473,0.28999761974650945,0.36538461538461536,0.4634146341463415,0.9069767441860465,0.728465083303793,{'clf__C': 0.1},ok,
side_cap_035,retrained,side_cap,1.0,0.35,,screen,side_cap_035::teacher_landmark_gate_raw::lr,teacher_landmark_gate_raw__lr,teacher_landmark_gate_raw,lr,1,5,0.25422666365134444,0.8546539004865799,0.3441708658232818,0.3888888888888889,0.14999999999999997,0.8378280822977363,0.25434943155980105,0.34285714285714286,0.5853658536585366,0.8414376321353065,0.7470755051400213,{'clf__C': 0.05},ok,
reuse_current_hard_cap_025,reuse_current,side_cap,1.0,0.25,,screen,reuse_current_hard_cap_025::teacher_only_raw::lr,teacher_only_raw__lr,teacher_only_raw,lr,1,1,0.30677141305596684,0.832679328205933,0.34392213743085376,0.39285714285714285,0.15499999999999997,0.8261228278244728,0.27417307416711717,0.32,0.3902439024390244,0.9090909090909091,0.7238567883729174,{'clf__C': 0.01},ok,
reuse_current_hard_cap_025,reuse_current,side_cap,1.0,0.25,,screen,reuse_current_hard_cap_025::teacher_only_raw::lr_balanced,teacher_only_raw__lr_balanced,teacher_only_raw,lr_balanced,1,1,0.30677141305596684,0.832679328205933,0.34392213743085376,0.4074074074074074,0.7099999999999997,0.8261228278244728,0.27417307416711717,0.32323232323232326,0.3902439024390244,0.9112050739957717,0.7238567883729174,{'clf__C': 0.01},ok,
reuse_current_hard_cap_025,reuse_current,side_cap,1.0,0.25,,screen,reuse_current_hard_cap_025::teacher_only_raw::elastic_lr,teacher_only_raw__elastic_lr,teacher_only_raw,elastic_lr,2,1,0.30677141305596684,0.832679328205933,0.34392213743085376,0.4074074074074074,0.2149999999999999,0.8261228278244728,0.27417307416711717,0.32323232323232326,0.3902439024390244,0.9112050739957717,0.7238567883729174,"{'clf__l1_ratio': 0.5, 'clf__C': 5}",ok,
reuse_current_hard_cap_025,reuse_current,side_cap,1.0,0.25,,screen,reuse_current_hard_cap_025::teacher_landmark_gate_raw::elastic_lr,teacher_landmark_gate_raw__elastic_lr,teacher_landmark_gate_raw,elastic_lr,2,5,0.29242325900514404,0.8409982734264636,0.34268427043652344,0.4406779661016949,0.18499999999999994,0.8298355076574022,0.28996693447369554,0.35294117647058826,0.43902439024390244,0.9090909090909091,0.7305919886565048,"{'clf__l1_ratio': 0.9, 'clf__C': 0.05}",ok,
reuse_current_hard_cap_025,reuse_current,side_cap,1.0,0.25,,screen,reuse_current_hard_cap_025::teacher_landmark_raw::lr_balanced,teacher_landmark_raw__lr_balanced,teacher_landmark_raw,lr_balanced,1,2,0.30608531894632934,0.842097002040496,0.34253761851408376,0.45614035087719296,0.7549999999999997,0.8298870726550818,0.2908465400662228,0.36,0.43902439024390244,0.9133192389006343,0.7311237149946828,{'clf__C': 5},ok,
side_cap_035,retrained,side_cap,1.0,0.35,,screen,side_cap_035::teacher_landmark_raw::lr,teacher_landmark_raw__lr,teacher_landmark_raw,lr,1,2,0.25481618601511824,0.8604614660178935,0.3396668784765514,0.43333333333333335,0.14999999999999997,0.8343216624555252,0.23669515098411636,0.34234234234234234,0.4634146341463415,0.8921775898520085,0.749911378943637,{'clf__C': 0.01},ok,
global_floor_040,retrained,global_floor,1.0,,0.4,wide,global_floor_040::teacher_landmark_raw_cal::elastic_lr_sparse_fixed,teacher_landmark_raw_cal__elastic_lr_sparse_fixed,teacher_landmark_raw_cal,elastic_lr_sparse_fixed,2,4,0.21978337117289506,0.842253963271072,0.33927425394921334,0.3783783783783784,0.21999999999999992,0.7966276491517558,0.21860111788782038,0.21052631578947367,0.14634146341463414,0.9788583509513742,0.7206664303438497,,ok,
global_floor_050,retrained,global_floor,1.0,,0.5,screen,global_floor_050::teacher_only_raw::lr,teacher_only_raw__lr,teacher_only_raw,lr,1,1,0.31038618698336956,0.8447653429602888,0.3383523675870157,0.39285714285714285,0.15499999999999997,0.828030732738617,0.26782860550418797,0.32432432432432434,0.43902439024390244,0.8900634249471459,0.7133995037220844,{'clf__C': 0.01},ok,
global_floor_050,retrained,global_floor,1.0,,0.5,screen,global_floor_050::teacher_only_raw::lr_balanced,teacher_only_raw__lr_balanced,teacher_only_raw,lr_balanced,1,1,0.31038618698336956,0.8447653429602888,0.3383523675870157,0.3793103448275862,0.6999999999999997,0.828030732738617,0.26782860550418797,0.32432432432432434,0.43902439024390244,0.8900634249471459,0.7133995037220844,{'clf__C': 0.01},ok,
global_floor_050,retrained,global_floor,1.0,,0.5,screen,global_floor_050::teacher_only_raw::elastic_lr,teacher_only_raw__elastic_lr,teacher_only_raw,elastic_lr,2,1,0.31038618698336956,0.8447653429602888,0.3383523675870157,0.36666666666666664,0.2049999999999999,0.828030732738617,0.26782860550418797,0.32432432432432434,0.43902439024390244,0.8900634249471459,0.7133995037220844,"{'clf__l1_ratio': 0.5, 'clf__C': 5}",ok,
global_floor_040,retrained,global_floor,1.0,,0.4,screen,global_floor_040::teacher_landmark_raw::lr_balanced,teacher_landmark_raw__lr_balanced,teacher_landmark_raw,lr_balanced,1,2,0.22905048199242095,0.8458640715743211,0.33423195224957036,0.3888888888888889,0.7999999999999997,0.7975042541123085,0.22049678890486094,0.21052631578947367,0.14634146341463414,0.9788583509513742,0.7233250620347395,{'clf__C': 0.05},ok,
global_floor_040,retrained,global_floor,1.0,,0.4,screen,global_floor_040::teacher_landmark_raw::lr,teacher_landmark_raw__lr,teacher_landmark_raw,lr,1,2,0.22808232281064622,0.8471197614189294,0.33372804151467883,0.35443037974683544,0.13499999999999995,0.7978136440983861,0.2205944045281768,0.2677165354330709,0.4146341463414634,0.854122621564482,0.7235023041474654,{'clf__C': 0.1},ok,
global_floor_040,retrained,global_floor,1.0,,0.4,screen,global_floor_040::teacher_landmark_raw::elastic_lr,teacher_landmark_raw__elastic_lr,teacher_landmark_raw,elastic_lr,2,2,0.22570252116329992,0.845236226652017,0.33335312807878686,0.3888888888888889,0.2549999999999999,0.7971432991285515,0.22016837504310718,0.21052631578947367,0.14634146341463414,0.9788583509513742,0.7226160935838355,"{'clf__l1_ratio': 0.1, 'clf__C': 0.5}",ok,
side_cap_035,retrained,side_cap,1.0,0.35,,screen,side_cap_035::teacher_landmark_windowed_raw::lr,teacher_landmark_windowed_raw__lr,teacher_landmark_windowed_raw,lr,1,17,0.2438174198733025,0.8372312038926384,0.3328601079113478,0.4,0.18999999999999995,0.8182333831794977,0.2470271118414911,0.3333333333333333,0.4146341463414634,0.9069767441860465,0.7116270825948245,{'clf__C': 0.1},ok,
global_floor_040,retrained,global_floor,1.0,,0.4,wide,global_floor_040::teacher_landmark_raw_cal::lightgbm_small_fixed,teacher_landmark_raw_cal__lightgbm_small_fixed,teacher_landmark_raw_cal,lightgbm_small_fixed,3,4,0.19700499192969834,0.8400565060430073,0.33271572795263626,0.36666666666666664,0.18499999999999994,0.7718764502655597,0.18700667440398427,0.21176470588235294,0.21951219512195122,0.9260042283298098,0.6796348812477845,,ok,
side_cap_035,retrained,side_cap,1.0,0.35,,screen,side_cap_035::teacher_landmark_gate_raw::lr_balanced,teacher_landmark_gate_raw__lr_balanced,teacher_landmark_gate_raw,lr_balanced,1,5,0.25976080254341827,0.8555956678700362,0.3305189602555677,0.4,0.6499999999999997,0.8375702573093384,0.24476394023296427,0.36363636363636365,0.5853658536585366,0.8583509513742071,0.7453030840127615,{'clf__C': 0.01},ok,
softmax_free,retrained,softmax_free,1.0,,,ensemble,softmax_free::stack_elastic_top3,stack_elastic_top3,top3_stack,stack_elastic,4,3,0.17750095712280664,0.8414691571181918,0.32988248372004725,0.425531914893617,0.17499999999999993,0.7853864796576084,0.23620062580463247,0.2564102564102564,0.24390243902439024,0.9429175475687104,0.7330733782346686,"{'clf__l1_ratio': 0.7, 'clf__C': 0.05}",ok,teacher_landmark_raw_cal__elastic_lr_sparse_fixed|teacher_landmark_raw_cal__lightgbm_small_fixed|teacher_only_cal__elastic_lr_sparse_fixed
reuse_current_hard_cap_025,reuse_current,side_cap,1.0,0.25,,screen,reuse_current_hard_cap_025::teacher_landmark_gate_raw::lr,teacher_landmark_gate_raw__lr,teacher_landmark_gate_raw,lr,1,5,0.2844178473589441,0.8458640715743211,0.3278922900290241,0.44,0.21999999999999992,0.8283401227246945,0.29551830457948997,0.3409090909090909,0.36585365853658536,0.9323467230443975,0.7332506203473945,{'clf__C': 0.05},ok,
reuse_current_hard_cap_025,reuse_current,side_cap,1.0,0.25,,screen,reuse_current_hard_cap_025::teacher_landmark_raw::lr,teacher_landmark_raw__lr,teacher_landmark_raw,lr,1,2,0.30122258481038383,0.8461779940354732,0.3260829917443067,0.44,0.21999999999999992,0.8293198576806063,0.2996430568109404,0.3448275862068966,0.36585365853658536,0.9344608879492601,0.7304147465437788,{'clf__C': 0.05},ok,
reuse_current_hard_cap_025,reuse_current,side_cap,1.0,0.25,,screen,reuse_current_hard_cap_025::teacher_landmark_raw::elastic_lr,teacher_landmark_raw__elastic_lr,teacher_landmark_raw,elastic_lr,2,2,0.3011423025005185,0.8433526918851044,0.32568917253482754,0.43333333333333335,0.18999999999999995,0.8300417676481204,0.29717443316434855,0.3888888888888889,0.5121951219512195,0.9027484143763214,0.7321871676710386,"{'clf__l1_ratio': 0.5, 'clf__C': 5}",ok,
softmax_free,retrained,softmax_free,1.0,,,screen,softmax_free::teacher_landmark_windowed_raw::lr,teacher_landmark_windowed_raw__lr,teacher_landmark_windowed_raw,lr,1,17,0.19972934472360282,0.8306388322084446,0.325338919609843,0.4057971014492754,0.15999999999999995,0.7945134842468932,0.2833732558216063,0.33043478260869563,0.4634146341463415,0.8837209302325582,0.7585962424672102,{'clf__C': 0.05},ok,
softmax_free,retrained,softmax_free,1.0,,,wide,softmax_free::teacher_landmark_raw_cal::lightgbm_small_fixed,teacher_landmark_raw_cal__lightgbm_small_fixed,teacher_landmark_raw_cal,lightgbm_small_fixed,3,4,0.16503992303340406,0.822555328833778,0.3213932871665097,0.43902439024390244,0.18999999999999995,0.7585726808642292,0.17903435912383076,0.17142857142857143,0.14634146341463414,0.9513742071881607,0.7061325771003191,,ok,
softmax_free,retrained,softmax_free,1.0,,,ensemble,softmax_free::rank_average_top3,rank_average_top3,top3_rank_average,rank_average,5,3,0.1621295402514376,0.8195730654528331,0.3205887063971954,0.3333333333333333,0.7549999999999997,0.7904398494302067,0.24860541904599692,0.31645569620253167,0.6097560975609756,0.8054968287526427,0.739099610067352,,ok,teacher_landmark_raw_cal__elastic_lr_sparse_fixed|teacher_landmark_raw_cal__lightgbm_small_fixed|teacher_only_cal__elastic_lr_sparse_fixed
side_cap_035,retrained,side_cap,1.0,0.35,,wide,side_cap_035::teacher_landmark_raw_cal::elastic_lr_dense_fixed,teacher_landmark_raw_cal__elastic_lr_dense_fixed,teacher_landmark_raw_cal,elastic_lr_dense_fixed,2,4,0.2590992032239217,0.8442944592685606,0.319860806848386,0.4166666666666667,0.24499999999999988,0.8321043675553035,0.22025752548726313,0.24390243902439024,0.24390243902439024,0.9344608879492601,0.7474299893654732,,ok,
softmax_temp_070,retrained,softmax_free,0.7,,,screen,softmax_temp_070::teacher_landmark_gate_raw::lr,teacher_landmark_gate_raw__lr,teacher_landmark_gate_raw,lr,1,5,0.23423899637903767,0.8309527546695966,0.3185432098802718,0.38961038961038963,0.15999999999999995,0.8386531222606095,0.26339671055481173,0.3835616438356164,0.6829268292682927,0.8372093023255814,0.7594824530308402,{'clf__C': 5},ok,
global_floor_050,retrained,global_floor,1.0,,0.5,screen,global_floor_050::teacher_landmark_raw::lr_balanced,teacher_landmark_raw__lr_balanced,teacher_landmark_raw,lr_balanced,1,2,0.31202895409307474,0.8559095903311882,0.3173369081686983,0.4126984126984127,0.7449999999999997,0.8324137575413809,0.2810314002841095,0.3177570093457944,0.4146341463414634,0.8964059196617337,0.7233250620347395,{'clf__C': 0.1},ok,
global_floor_050,retrained,global_floor,1.0,,0.5,screen,global_floor_050::teacher_landmark_raw::lr,teacher_landmark_raw__lr,teacher_landmark_raw,lr,1,2,0.3096735756842129,0.8559095903311882,0.3172681702056969,0.42424242424242425,0.18999999999999995,0.8332903625019338,0.28604939941827795,0.3047619047619048,0.3902439024390244,0.8985200845665962,0.7275788727401631,{'clf__C': 0.1},ok,
global_floor_050,retrained,global_floor,1.0,,0.5,screen,global_floor_050::teacher_landmark_raw::elastic_lr,teacher_landmark_raw__elastic_lr,teacher_landmark_raw,elastic_lr,2,2,0.30986106032323135,0.8554387066394601,0.31647248918358767,0.4230769230769231,0.22999999999999993,0.8327231475274584,0.27859091332420466,0.3157894736842105,0.36585365853658536,0.9175475687103594,0.7242112725983694,"{'clf__l1_ratio': 0.1, 'clf__C': 0.5}",ok,
softmax_temp_070,retrained,softmax_free,0.7,,,screen,softmax_temp_070::teacher_landmark_raw::lr_balanced,teacher_landmark_raw__lr_balanced,teacher_landmark_raw,lr_balanced,1,2,0.2318604674400877,0.8414691571181918,0.3154149328086153,0.36363636363636365,0.6949999999999997,0.8254009178569587,0.237912870218855,0.35714285714285715,0.6097560975609756,0.8435517970401691,0.7621410847217299,{'clf__C': 5},ok,
softmax_free,retrained,softmax_free,1.0,,,screen,softmax_free::teacher_only_raw::lr,teacher_only_raw__lr,teacher_only_raw,lr,1,1,0.19047053641001344,0.7709935645895464,0.31538491438318944,0.32941176470588235,0.10499999999999998,0.7781158149847883,0.25813679226231795,0.28402366863905326,0.5853658536585366,0.7801268498942917,0.7321871676710386,{'clf__C': 0.01},ok,
softmax_free,retrained,softmax_free,1.0,,,screen,softmax_free::teacher_only_raw::lr_balanced,teacher_only_raw__lr_balanced,teacher_only_raw,lr_balanced,1,1,0.19047053641001344,0.7709935645895464,0.31538491438318944,0.32941176470588235,0.5799999999999997,0.7781158149847883,0.25813679226231795,0.2857142857142857,0.5853658536585366,0.7822410147991543,0.7321871676710386,{'clf__C': 0.01},ok,
softmax_free,retrained,softmax_free,1.0,,,screen,softmax_free::teacher_only_raw::elastic_lr,teacher_only_raw__elastic_lr,teacher_only_raw,elastic_lr,2,1,0.19047053641001344,0.7709935645895464,0.31538491438318944,0.32941176470588235,0.11499999999999998,0.7781158149847883,0.25813679226231795,0.2804878048780488,0.5609756097560976,0.7885835095137421,0.7321871676710386,"{'clf__l1_ratio': 0.5, 'clf__C': 5}",ok,
softmax_free,retrained,softmax_free,1.0,,,wide,softmax_free::teacher_only_cal::elastic_lr_sparse_fixed,teacher_only_cal__elastic_lr_sparse_fixed,teacher_only_cal,elastic_lr_sparse_fixed,2,1,0.19047053641001344,0.7709935645895464,0.31538491438318944,0.32786885245901637,0.12499999999999996,0.7781158149847883,0.25813679226231795,0.32142857142857145,0.43902439024390244,0.8879492600422833,0.7321871676710386,,ok,
softmax_free,retrained,softmax_free,1.0,,,wide,softmax_free::teacher_only_cal::elastic_lr_dense_fixed,teacher_only_cal__elastic_lr_dense_fixed,teacher_only_cal,elastic_lr_dense_fixed,2,1,0.19047053641001344,0.7709935645895464,0.31538491438318944,0.32941176470588235,0.08999999999999998,0.7781158149847883,0.25813679226231795,0.2823529411764706,0.5853658536585366,0.7780126849894292,0.7321871676710386,,ok,
softmax_free,retrained,softmax_free,1.0,,,wide,softmax_free::teacher_only_raw_cal::elastic_lr_dense_fixed,teacher_only_raw_cal__elastic_lr_dense_fixed,teacher_only_raw_cal,elastic_lr_dense_fixed,2,2,0.19107312114721356,0.7709935645895464,0.31538491438318944,0.32941176470588235,0.13499999999999995,0.7787861599546227,0.28710579074351156,0.2804878048780488,0.5609756097560976,0.7885835095137421,0.7313009571074087,,ok,
softmax_free,retrained,softmax_free,1.0,,,wide,softmax_free::teacher_only_raw_cal::elastic_lr_sparse_fixed,teacher_only_raw_cal__elastic_lr_sparse_fixed,teacher_only_raw_cal,elastic_lr_sparse_fixed,2,2,0.19047053641001344,0.7709935645895464,0.31538491438318944,0.32941176470588235,0.10999999999999997,0.7781158149847883,0.25813679226231795,0.2823529411764706,0.5853658536585366,0.7780126849894292,0.7321871676710386,,ok,
side_cap_035,retrained,side_cap,1.0,0.35,,wide,side_cap_035::teacher_full_lowdim::elastic_lr_dense_fixed,teacher_full_lowdim__elastic_lr_dense_fixed,teacher_full_lowdim,elastic_lr_dense_fixed,2,18,0.2781580392850849,0.8265578402134672,0.3098591931214937,0.375,0.1999999999999999,0.828752642706131,0.23924096199536143,0.3559322033898305,0.5121951219512195,0.8816067653276956,0.727756114852889,,ok,
softmax_temp_070,retrained,softmax_free,0.7,,,screen,softmax_temp_070::teacher_landmark_gate_raw::lr_balanced,teacher_landmark_gate_raw__lr_balanced,teacher_landmark_gate_raw,lr_balanced,1,5,0.23700827647679734,0.8373881651232146,0.30884748901629605,0.38461538461538464,0.6899999999999997,0.8409219821585108,0.279542391150334,0.3776223776223776,0.6585365853658537,0.8414376321353065,0.7697624955689472,{'clf__C': 5},ok,
side_cap_035,retrained,side_cap,1.0,0.35,,wide,side_cap_035::teacher_interact_raw::elastic_lr_sparse_fixed,teacher_interact_raw__elastic_lr_sparse_fixed,teacher_interact_raw,elastic_lr_sparse_fixed,2,7,0.2803996757466715,0.8329932506670852,0.30881819918963443,0.4067796610169492,0.2149999999999999,0.8399422472025989,0.26804851059152895,0.34,0.4146341463414634,0.9112050739957717,0.7589507266926622,,ok,
softmax_temp_070,retrained,softmax_free,0.7,,,screen,softmax_temp_070::teacher_landmark_gate_raw::elastic_lr,teacher_landmark_gate_raw__elastic_lr,teacher_landmark_gate_raw,elastic_lr,2,5,0.23587342607328385,0.8446083817297128,0.3080968073492299,0.3855421686746988,0.13999999999999996,0.8185427731655752,0.25476993808673326,0.34615384615384615,0.6585365853658537,0.813953488372093,0.7754342431761787,"{'clf__l1_ratio': 0.7, 'clf__C': 0.05}",ok,
softmax_free,retrained,softmax_free,1.0,,,wide,softmax_free::teacher_full_lowdim::lightgbm_small_fixed,teacher_full_lowdim__lightgbm_small_fixed,teacher_full_lowdim,lightgbm_small_fixed,3,18,0.2288558458793111,0.8377020875843667,0.30444323919262806,0.3939393939393939,0.16999999999999993,0.8132831434022586,0.23972983039769546,0.30158730158730157,0.4634146341463415,0.8604651162790697,0.6889400921658986,,ok,
softmax_free,retrained,softmax_free,1.0,,,screen,softmax_free::teacher_landmark_gate_raw::lr_balanced,teacher_landmark_gate_raw__lr_balanced,teacher_landmark_gate_raw,lr_balanced,1,5,0.18446103307856912,0.8345628629728457,0.30101298275208876,0.36619718309859156,0.6699999999999997,0.8080235136389419,0.27454369921179933,0.3111111111111111,0.5121951219512195,0.8456659619450317,0.7204891882311237,{'clf__C': 0.01},ok,
global_floor_050,retrained,global_floor,1.0,,0.5,screen,global_floor_050::teacher_landmark_gate_raw::lr,teacher_landmark_gate_raw__lr,teacher_landmark_gate_raw,lr,1,4,0.31206159216224433,0.8466488777272014,0.30000604429042727,0.375,0.23999999999999988,0.8293198576806065,0.2782536111405636,0.22727272727272727,0.24390243902439024,0.9217758985200846,0.6993973768167316,{'clf__C': 5},ok,
global_floor_050,retrained,global_floor,1.0,,0.5,screen,global_floor_050::teacher_landmark_gate_raw::elastic_lr,teacher_landmark_gate_raw__elastic_lr,teacher_landmark_gate_raw,elastic_lr,2,4,0.3127004353596979,0.8463349552660493,0.2993066618772321,0.36923076923076925,0.19499999999999995,0.8295776826690043,0.2785427137445089,0.3247863247863248,0.4634146341463415,0.879492600422833,0.7006380716058136,"{'clf__l1_ratio': 0.7, 'clf__C': 1}",ok,
softmax_temp_070,retrained,softmax_free,0.7,,,screen,softmax_temp_070::teacher_landmark_raw::lr,teacher_landmark_raw__lr,teacher_landmark_raw,lr,1,2,0.22599713837980204,0.842410924501648,0.29915900935762196,0.35135135135135137,0.13999999999999996,0.8285463827154128,0.2548208277101267,0.3582089552238806,0.5853658536585366,0.854122621564482,0.7683445586671394,{'clf__C': 0.01},ok,
side_cap_035,retrained,side_cap,1.0,0.35,,wide,side_cap_035::teacher_interact_raw::elastic_lr_dense_fixed,teacher_interact_raw__elastic_lr_dense_fixed,teacher_interact_raw,elastic_lr_dense_fixed,2,7,0.2588676064188897,0.8290692199026841,0.2972695120285255,0.36619718309859156,0.2099999999999999,0.8421595421028206,0.29548205987584597,0.3448275862068966,0.4878048780487805,0.8837209302325582,0.7671038638780574,,ok,
softmax_temp_070,retrained,softmax_free,0.7,,,screen,softmax_temp_070::teacher_only_raw::lr,teacher_only_raw__lr,teacher_only_raw,lr,1,1,0.241675093445611,0.8242034217548265,0.2972051725370929,0.36363636363636365,0.12499999999999996,0.8169958232351879,0.23237525754104094,0.34615384615384615,0.6585365853658537,0.813953488372093,0.7570010634526764,{'clf__C': 0.01},ok,
softmax_temp_070,retrained,softmax_free,0.7,,,screen,softmax_temp_070::teacher_only_raw::lr_balanced,teacher_only_raw__lr_balanced,teacher_only_raw,lr_balanced,1,1,0.241675093445611,0.8242034217548265,0.2972051725370929,0.367816091954023,0.6299999999999998,0.8169958232351879,0.23237525754104094,0.34838709677419355,0.6585365853658537,0.8160676532769556,0.7570010634526764,{'clf__C': 0.01},ok,
softmax_temp_070,retrained,softmax_free,0.7,,,screen,softmax_temp_070::teacher_only_raw::elastic_lr,teacher_only_raw__elastic_lr,teacher_only_raw,elastic_lr,2,1,0.241675093445611,0.8242034217548265,0.2972051725370929,0.36363636363636365,0.13999999999999996,0.8169958232351879,0.23237525754104094,0.3522012578616352,0.6829268292682927,0.8097251585623678,0.7570010634526764,"{'clf__l1_ratio': 0.5, 'clf__C': 5}",ok,
softmax_temp_070,retrained,softmax_free,0.7,,,screen,softmax_temp_070::teacher_landmark_raw::elastic_lr,teacher_landmark_raw__elastic_lr,teacher_landmark_raw,elastic_lr,2,2,0.23859828273256303,0.8259299952911631,0.29709027602855015,0.367816091954023,0.13999999999999996,0.8179239931934202,0.23351327904965494,0.34615384615384615,0.6585365853658537,0.813953488372093,0.7573555476781283,"{'clf__l1_ratio': 0.9, 'clf__C': 0.05}",ok,
softmax_temp_070,retrained,softmax_free,0.7,,,screen,softmax_temp_070::teacher_landmark_windowed_raw::elastic_lr,teacher_landmark_windowed_raw__elastic_lr,teacher_landmark_windowed_raw,elastic_lr,2,17,0.24262951979012795,0.8242034217548266,0.29708765523725456,0.37209302325581395,0.14499999999999996,0.8211725880472335,0.23985864890991046,0.358974358974359,0.6829268292682927,0.8160676532769556,0.7559376107763205,"{'clf__l1_ratio': 0.9, 'clf__C': 0.05}",ok,
global_floor_050,retrained,global_floor,1.0,,0.5,screen,global_floor_050::teacher_landmark_gate_raw::lr_balanced,teacher_landmark_gate_raw__lr_balanced,teacher_landmark_gate_raw,lr_balanced,1,4,0.3112189722650786,0.8406843509653116,0.29277374092155617,0.3673469387755102,0.7999999999999997,0.8260712628267932,0.2727653819880224,0.22988505747126436,0.24390243902439024,0.9238900634249472,0.6861042183622829,{'clf__C': 5},ok,
hard_cap_025,retrained,side_cap,1.0,0.25,,screen,hard_cap_025::teacher_landmark_windowed_raw::elastic_lr,teacher_landmark_windowed_raw__elastic_lr,teacher_landmark_windowed_raw,elastic_lr,2,17,0.2768824492680278,0.8345628629728458,0.29180333690843707,0.3389830508474576,0.19499999999999995,0.84102511215387,0.24772300060456326,0.34615384615384615,0.43902439024390244,0.904862579281184,0.7378589152782701,"{'clf__l1_ratio': 0.9, 'clf__C': 0.05}",ok,
global_floor_040,retrained,global_floor,1.0,,0.4,wide,global_floor_040::teacher_landmark_next_raw::elastic_lr_sparse_fixed,teacher_landmark_next_raw__elastic_lr_sparse_fixed,teacher_landmark_next_raw,elastic_lr_sparse_fixed,2,3,0.256980992416761,0.8493172186469942,0.2908904913964424,0.4146341463414634,0.15999999999999995,0.821842933017068,0.26955003133443195,0.3597122302158273,0.6097560975609756,0.8456659619450317,0.7298830202056008,,ok,
hard_cap_025,retrained,side_cap,1.0,0.25,,screen,hard_cap_025::teacher_landmark_gate_raw::elastic_lr,teacher_landmark_gate_raw__elastic_lr,teacher_landmark_gate_raw,elastic_lr,2,3,0.2864112495430379,0.8314236383613247,0.2902307379007974,0.3387096774193548,0.08499999999999999,0.8354560924044758,0.243253114332155,0.3167420814479638,0.8536585365853658,0.693446088794926,0.7305919886565048,"{'clf__l1_ratio': 0.9, 'clf__C': 0.05}",ok,
hard_cap_025,retrained,side_cap,1.0,0.25,,screen,hard_cap_025::teacher_only_raw::lr,teacher_only_raw__lr,teacher_only_raw,lr,1,1,0.2864508300911312,0.8312666771307488,0.28958716740596835,0.3364485981308411,0.10999999999999997,0.8355076574021554,0.24277544565123146,0.3684210526315789,0.8536585365853658,0.758985200845666,0.7304147465437788,{'clf__C': 0.01},ok,
hard_cap_025,retrained,side_cap,1.0,0.25,,screen,hard_cap_025::teacher_only_raw::lr_balanced,teacher_only_raw__lr_balanced,teacher_only_raw,lr_balanced,1,1,0.2864508300911312,0.8312666771307488,0.28958716740596835,0.33962264150943394,0.5649999999999998,0.8355076574021554,0.24277544565123146,0.37037037037037035,0.8536585365853658,0.7610993657505285,0.7304147465437788,{'clf__C': 0.01},ok,
hard_cap_025,retrained,side_cap,1.0,0.25,,screen,hard_cap_025::teacher_only_raw::elastic_lr,teacher_only_raw__elastic_lr,teacher_only_raw,elastic_lr,2,1,0.2864508300911312,0.8312666771307488,0.28958716740596835,0.3364485981308411,0.10999999999999997,0.8355076574021554,0.24277544565123146,0.36649214659685864,0.8536585365853658,0.7568710359408034,0.7304147465437788,"{'clf__l1_ratio': 0.5, 'clf__C': 5}",ok,
hard_cap_025,retrained,side_cap,1.0,0.25,,screen,hard_cap_025::teacher_landmark_raw::elastic_lr,teacher_landmark_raw__elastic_lr,teacher_landmark_raw,elastic_lr,2,2,0.2864112495430379,0.8312666771307488,0.28958716740596835,0.336,0.08499999999999999,0.8355076574021554,0.24277544565123146,0.3167420814479638,0.8536585365853658,0.693446088794926,0.7304147465437788,"{'clf__l1_ratio': 0.9, 'clf__C': 0.05}",ok,
global_floor_040,retrained,global_floor,1.0,,0.4,wide,global_floor_040::teacher_full_lowdim::elastic_lr_dense_fixed,teacher_full_lowdim__elastic_lr_dense_fixed,teacher_full_lowdim,elastic_lr_dense_fixed,2,17,0.2542649366485386,0.8240464605242505,0.2875146009442741,0.37037037037037035,0.17499999999999993,0.8132831434022585,0.2855024095523061,0.2923076923076923,0.4634146341463415,0.8520084566596194,0.6992201347040057,,ok,
softmax_free,retrained,softmax_free,1.0,,,screen,softmax_free::teacher_landmark_gate_raw::lr,teacher_landmark_gate_raw__lr,teacher_landmark_gate_raw,lr,1,5,0.18255880978385322,0.8339350180505414,0.2871524098990469,0.38235294117647056,0.14499999999999996,0.8084875986180581,0.2791944734517717,0.304,0.4634146341463415,0.8625792811839323,0.7304147465437788,{'clf__C': 0.01},ok,
side_cap_035,retrained,side_cap,1.0,0.35,,wide,side_cap_035::teacher_landmark_next_raw::elastic_lr_sparse_fixed,teacher_landmark_next_raw__elastic_lr_sparse_fixed,teacher_landmark_next_raw,elastic_lr_sparse_fixed,2,3,0.2817172761651448,0.8361324752786061,0.28427240627871914,0.4262295081967213,0.2099999999999999,0.8387046872582891,0.24707617675645066,0.3333333333333333,0.4146341463414634,0.9069767441860465,0.7575327897908543,,ok,
softmax_temp_130,retrained,softmax_free,1.3,,,screen,softmax_temp_130::teacher_landmark_windowed_raw::elastic_lr,teacher_landmark_windowed_raw__elastic_lr,teacher_landmark_windowed_raw,elastic_lr,2,17,0.25833851863143914,0.8116465233087429,0.28420164578186013,0.3373493975903614,0.13499999999999995,0.8236992729335326,0.21445093412898464,0.32653061224489793,0.5853658536585366,0.8266384778012685,0.7311237149946828,"{'clf__l1_ratio': 0.9, 'clf__C': 0.05}",ok,
global_floor_040,retrained,global_floor,1.0,,0.4,wide,global_floor_040::teacher_full_lowdim::elastic_lr_sparse_fixed,teacher_full_lowdim__elastic_lr_sparse_fixed,teacher_full_lowdim,elastic_lr_sparse_fixed,2,17,0.260973500632187,0.8295401035944122,0.2841924431874014,0.3902439024390244,0.16499999999999992,0.8222554529985047,0.3056516706622413,0.35384615384615387,0.5609756097560976,0.8604651162790697,0.7203119461183978,,ok,
global_floor_040,retrained,global_floor,1.0,,0.4,wide,global_floor_040::teacher_full_lowdim::lightgbm_small_fixed,teacher_full_lowdim__lightgbm_small_fixed,teacher_full_lowdim,lightgbm_small_fixed,3,17,0.2326991539464407,0.8345628629728458,0.2832425441489716,0.44,0.2599999999999999,0.8292682926829269,0.2691398561914964,0.28205128205128205,0.2682926829268293,0.945031712473573,0.707018787663949,,ok,
global_floor_040,retrained,global_floor,1.0,,0.4,wide,global_floor_040::teacher_landmark_raw_cal::elastic_lr_dense_fixed,teacher_landmark_raw_cal__elastic_lr_dense_fixed,teacher_landmark_raw_cal,elastic_lr_dense_fixed,2,4,0.23116096486658452,0.8323654057447811,0.28259952678892475,0.36363636363636365,0.11999999999999997,0.7988965090496571,0.2084544379235994,0.30666666666666664,0.5609756097560976,0.8181818181818182,0.728642325416519,,ok,
softmax_temp_130,retrained,softmax_free,1.3,,,screen,softmax_temp_130::teacher_only_raw::lr,teacher_only_raw__lr,teacher_only_raw,lr,1,1,0.2626334821876022,0.8125882906921991,0.2822284703006252,0.3448275862068966,0.08999999999999998,0.8219976280101068,0.2120409910775096,0.3033175355450237,0.7804878048780488,0.7082452431289641,0.7309464728819568,{'clf__C': 0.01},ok,
softmax_temp_130,retrained,softmax_free,1.3,,,screen,softmax_temp_130::teacher_only_raw::lr_balanced,teacher_only_raw__lr_balanced,teacher_only_raw,lr_balanced,1,1,0.2626334821876022,0.8125882906921991,0.2822284703006252,0.34782608695652173,0.4949999999999998,0.8219976280101068,0.2120409910775096,0.2995169082125604,0.7560975609756098,0.7145877378435518,0.7309464728819568,{'clf__C': 0.01},ok,
softmax_temp_130,retrained,softmax_free,1.3,,,screen,softmax_temp_130::teacher_only_raw::elastic_lr,teacher_only_raw__elastic_lr,teacher_only_raw,elastic_lr,2,1,0.2626334821876022,0.8125882906921991,0.2822284703006252,0.34782608695652173,0.07999999999999999,0.8219976280101068,0.2120409910775096,0.2995169082125604,0.7560975609756098,0.7145877378435518,0.7309464728819568,"{'clf__l1_ratio': 0.5, 'clf__C': 5}",ok,
softmax_temp_130,retrained,softmax_free,1.3,,,screen,softmax_temp_130::teacher_landmark_raw::elastic_lr,teacher_landmark_raw__elastic_lr,teacher_landmark_raw,elastic_lr,2,2,0.2583409599551309,0.8125882906921991,0.2822284703006252,0.34782608695652173,0.08499999999999999,0.8219976280101068,0.2120409910775096,0.2995169082125604,0.7560975609756098,0.7145877378435518,0.7309464728819568,"{'clf__l1_ratio': 0.9, 'clf__C': 0.05}",ok,
softmax_temp_130,retrained,softmax_free,1.3,,,screen,softmax_temp_130::teacher_landmark_gate_raw::elastic_lr,teacher_landmark_gate_raw__elastic_lr,teacher_landmark_gate_raw,elastic_lr,2,5,0.2583409599551309,0.8125882906921991,0.2822284703006252,0.34782608695652173,0.08499999999999999,0.8219976280101068,0.2120409910775096,0.2995169082125604,0.7560975609756098,0.7145877378435518,0.7309464728819568,"{'clf__l1_ratio': 0.9, 'clf__C': 0.05}",ok,
softmax_free,retrained,softmax_free,1.0,,,screen,softmax_free::teacher_landmark_windowed_raw::elastic_lr,teacher_landmark_windowed_raw__elastic_lr,teacher_landmark_windowed_raw,elastic_lr,2,17,0.1974315527699109,0.842253963271072,0.2819077861759039,0.425531914893617,0.1999999999999999,0.7826535347805909,0.2596286045965066,0.25,0.24390243902439024,0.9386892177589852,0.7353775257001064,"{'clf__l1_ratio': 0.5, 'clf__C': 5}",ok,
softmax_temp_130,retrained,softmax_free,1.3,,,screen,softmax_temp_130::teacher_landmark_gate_raw::lr_balanced,teacher_landmark_gate_raw__lr_balanced,teacher_landmark_gate_raw,lr_balanced,1,5,0.24724024532389863,0.8205933134515774,0.2816676029565378,0.35185185185185186,0.5449999999999998,0.8282369927293354,0.2222939418720748,0.31016042780748665,0.7073170731707317,0.7526427061310782,0.7431761786600496,{'clf__C': 5},ok,
global_floor_040,retrained,global_floor,1.0,,0.4,wide,global_floor_040::teacher_landmark_next_raw::elastic_lr_dense_fixed,teacher_landmark_next_raw__elastic_lr_dense_fixed,teacher_landmark_next_raw,elastic_lr_dense_fixed,2,3,0.25296432309831846,0.8325223669753571,0.2816103148588105,0.3855421686746988,0.16999999999999993,0.8266900427989481,0.3064825904826435,0.34532374100719426,0.5853658536585366,0.8435517970401691,0.7268699042892591,,ok,
softmax_temp_130,retrained,softmax_free,1.3,,,screen,softmax_temp_130::teacher_landmark_raw::lr,teacher_landmark_raw__lr,teacher_landmark_raw,lr,1,2,0.2494797510174719,0.8218490032961858,0.27985492210306656,0.3559322033898305,0.08999999999999998,0.8264837828082298,0.22507699661085487,0.31313131313131315,0.7560975609756098,0.733615221987315,0.739808578518256,{'clf__C': 0.05},ok,
softmax_temp_130,retrained,softmax_free,1.3,,,screen,softmax_temp_130::teacher_landmark_raw::lr_balanced,teacher_landmark_raw__lr_balanced,teacher_landmark_raw,lr_balanced,1,2,0.2531823111005948,0.8218490032961858,0.27952501362818477,0.36363636363636365,0.5699999999999998,0.8268447377919868,0.22783092505643,0.31952662721893493,0.6585365853658537,0.7864693446088795,0.7412265154200638,{'clf__C': 0.01},ok,
global_floor_040,retrained,global_floor,1.0,,0.4,screen,global_floor_040::teacher_landmark_windowed_raw::lr_balanced,teacher_landmark_windowed_raw__lr_balanced,teacher_landmark_windowed_raw,lr_balanced,1,17,0.22443007463555212,0.8362894365091822,0.27773550488571613,0.34615384615384615,0.5849999999999997,0.7939978342700974,0.23569879323791448,0.31413612565445026,0.7317073170731707,0.7463002114164905,0.7201347040056717,{'clf__C': 0.01},ok,
side_cap_035,retrained,side_cap,1.0,0.35,,wide,side_cap_035::teacher_full_lowdim::elastic_lr_sparse_fixed,teacher_full_lowdim__elastic_lr_sparse_fixed,teacher_full_lowdim,elastic_lr_sparse_fixed,2,18,0.27565717241825766,0.8296970648249883,0.2776539953677663,0.39344262295081966,0.2099999999999999,0.8387562522559686,0.26314372883860093,0.34615384615384615,0.43902439024390244,0.904862579281184,0.7587734845799362,,ok,
softmax_temp_130,retrained,softmax_free,1.3,,,screen,softmax_temp_130::teacher_landmark_gate_raw::lr,teacher_landmark_gate_raw__lr,teacher_landmark_gate_raw,lr,1,5,0.24520251941767998,0.8278135300580757,0.2774826711214887,0.3695652173913043,0.11499999999999998,0.824627442891765,0.24345862143373495,0.3333333333333333,0.6341463414634146,0.8118393234672304,0.7382133995037221,{'clf__C': 0.01},ok,
softmax_temp_070,retrained,softmax_free,0.7,,,screen,softmax_temp_070::teacher_landmark_windowed_raw::lr,teacher_landmark_windowed_raw__lr,teacher_landmark_windowed_raw,lr,1,17,0.2320855377225944,0.8144718254591116,0.27593463624052605,0.34285714285714286,0.16999999999999993,0.8104986335275615,0.25587889074542347,0.302158273381295,0.5121951219512195,0.8372093023255814,0.717653314427508,{'clf__C': 5},ok,
global_floor_040,retrained,global_floor,1.0,,0.4,wide,global_floor_040::teacher_interact_raw::elastic_lr_sparse_fixed,teacher_interact_raw__elastic_lr_sparse_fixed,teacher_interact_raw,elastic_lr_sparse_fixed,2,6,0.26738183656845693,0.8284413749803798,0.2757680473054782,0.367816091954023,0.15499999999999997,0.8219460630124272,0.3132554952197769,0.31788079470198677,0.5853658536585366,0.8181818181818182,0.7183622828784119,,ok,
softmax_temp_070,retrained,softmax_free,0.7,,,screen,softmax_temp_070::teacher_landmark_windowed_raw::lr_balanced,teacher_landmark_windowed_raw__lr_balanced,teacher_landmark_windowed_raw,lr_balanced,1,17,0.234284068911349,0.8069376863914612,0.27476872430837174,0.34210526315789475,0.6899999999999997,0.8104986335275615,0.24947085766556049,0.3120567375886525,0.5365853658536586,0.8350951374207188,0.7157036511875221,{'clf__C': 5},ok,
global_floor_040,retrained,global_floor,1.0,,0.4,wide,global_floor_040::teacher_interact_raw::elastic_lr_dense_fixed,teacher_interact_raw__elastic_lr_dense_fixed,teacher_interact_raw,elastic_lr_dense_fixed,2,6,0.2546972146993273,0.8317375608224769,0.272856571501323,0.38095238095238093,0.16999999999999993,0.8230804929613778,0.3134896179751477,0.3333333333333333,0.5853658536585366,0.8329809725158562,0.7219071251329315,,ok,
softmax_free,retrained,softmax_free,1.0,,,screen,softmax_free::teacher_landmark_windowed_raw::lr_balanced,teacher_landmark_windowed_raw__lr_balanced,teacher_landmark_windowed_raw,lr_balanced,1,17,0.20433257393955037,0.84194004080992,0.2721114984414617,0.391304347826087,0.7449999999999997,0.7657402155416903,0.23981606132532987,0.21951219512195122,0.21951219512195122,0.9323467230443975,0.7144629563984403,{'clf__C': 5},ok,
softmax_free,retrained,softmax_free,1.0,,,screen,softmax_free::teacher_landmark_gate_raw::elastic_lr,teacher_landmark_gate_raw__elastic_lr,teacher_landmark_gate_raw,elastic_lr,2,5,0.17745909735586474,0.8402134672735835,0.26909308482874983,0.3950617283950617,0.14499999999999996,0.8080750786366214,0.2724198032138616,0.3,0.5853658536585366,0.7991543340380549,0.717298830202056,"{'clf__l1_ratio': 0.1, 'clf__C': 0.5}",ok,
global_floor_050,retrained,global_floor,1.0,,0.5,screen,global_floor_050::teacher_landmark_windowed_raw::lr_balanced,teacher_landmark_windowed_raw__lr_balanced,teacher_landmark_windowed_raw,lr_balanced,1,17,0.32639814129052663,0.8265578402134672,0.26864278836752914,0.3673469387755102,0.7949999999999997,0.8257103078430361,0.3046146348703996,0.3617021276595745,0.4146341463414634,0.9238900634249472,0.6978021978021978,{'clf__C': 0.1},ok,
side_cap_035,retrained,side_cap,1.0,0.35,,wide,side_cap_035::teacher_landmark_next_raw::elastic_lr_dense_fixed,teacher_landmark_next_raw__elastic_lr_dense_fixed,teacher_landmark_next_raw,elastic_lr_dense_fixed,2,3,0.26048094804984134,0.8278135300580758,0.26720817379076145,0.41935483870967744,0.22499999999999992,0.837621822307018,0.25327882593976453,0.3333333333333333,0.43902439024390244,0.8964059196617337,0.7582417582417582,,ok,
softmax_temp_130,retrained,softmax_free,1.3,,,screen,softmax_temp_130::teacher_landmark_windowed_raw::lr_balanced,teacher_landmark_windowed_raw__lr_balanced,teacher_landmark_windowed_raw,lr_balanced,1,17,0.24278200674075276,0.8133730968450793,0.25749361216291117,0.3252032520325203,0.5199999999999998,0.8118393234672304,0.23721014914065883,0.2857142857142857,0.7560975609756098,0.693446088794926,0.7149946827366183,{'clf__C': 0.1},ok,
hard_cap_025,retrained,side_cap,1.0,0.25,,screen,hard_cap_025::teacher_landmark_raw::lr_balanced,teacher_landmark_raw__lr_balanced,teacher_landmark_raw,lr_balanced,1,2,0.2793338479586957,0.8364463977397583,0.25555855268388983,0.35,0.5199999999999998,0.836642087351106,0.2524847785404353,0.3333333333333333,0.8536585365853658,0.7167019027484144,0.7344913151364765,{'clf__C': 0.05},ok,
global_floor_040,retrained,global_floor,1.0,,0.4,screen,global_floor_040::teacher_landmark_windowed_raw::lr,teacher_landmark_windowed_raw__lr,teacher_landmark_windowed_raw,lr,1,17,0.22494269614772147,0.8383299325066709,0.2540009324936641,0.36363636363636365,0.12499999999999996,0.800598153973083,0.24426808161858654,0.35526315789473684,0.6585365853658537,0.8224101479915433,0.7474299893654732,{'clf__C': 0.01},ok,
side_cap_035,retrained,side_cap,1.0,0.35,,screen,side_cap_035::teacher_landmark_windowed_raw::lr_balanced,teacher_landmark_windowed_raw__lr_balanced,teacher_landmark_windowed_raw,lr_balanced,1,17,0.2521303485491582,0.8113326008475906,0.25099761223513384,0.4126984126984127,0.7349999999999997,0.8194193781261281,0.25468847233210284,0.34285714285714286,0.43902439024390244,0.9027484143763214,0.7011697979439915,{'clf__C': 5},ok,
hard_cap_025,retrained,side_cap,1.0,0.25,,screen,hard_cap_025::teacher_landmark_raw::lr,teacher_landmark_raw__lr,teacher_landmark_raw,lr,1,2,0.2749034188551951,0.8398995448124313,0.2498236276190874,0.35714285714285715,0.10499999999999998,0.8375702573093384,0.26156617542079125,0.35714285714285715,0.8536585365853658,0.7463002114164905,0.7371499468273662,{'clf__C': 0.05},ok,
hard_cap_025,retrained,side_cap,1.0,0.25,,screen,hard_cap_025::teacher_landmark_gate_raw::lr_balanced,teacher_landmark_gate_raw__lr_balanced,teacher_landmark_gate_raw,lr_balanced,1,3,0.28248895697183585,0.8372312038926385,0.24888365584280683,0.34782608695652173,0.7999999999999997,0.8382921672768525,0.2569470349358995,0.2716049382716049,0.2682926829268293,0.9386892177589852,0.7339595887982985,{'clf__C': 0.05},ok,
softmax_free,retrained,softmax_free,1.0,,,wide,softmax_free::teacher_landmark_next_raw::elastic_lr_sparse_fixed,teacher_landmark_next_raw__elastic_lr_sparse_fixed,teacher_landmark_next_raw,elastic_lr_sparse_fixed,2,3,0.25499370442944075,0.822319886987914,0.24876180886132632,0.38235294117647056,0.18499999999999994,0.8325684525344197,0.2232814723509306,0.3728813559322034,0.5365853658536586,0.8837209302325582,0.7447713576745835,,ok,
global_floor_040,retrained,global_floor,1.0,,0.4,screen,global_floor_040::teacher_landmark_windowed_raw::elastic_lr,teacher_landmark_windowed_raw__elastic_lr,teacher_landmark_windowed_raw,elastic_lr,2,17,0.22323464695906836,0.8328362894365091,0.2487519152315822,0.34285714285714286,0.14499999999999996,0.791986799360594,0.23604209204050594,0.31343283582089554,0.5121951219512195,0.8477801268498943,0.7031194611839773,"{'clf__l1_ratio': 0.5, 'clf__C': 0.5}",ok,
hard_cap_025,retrained,side_cap,1.0,0.25,,screen,hard_cap_025::teacher_landmark_gate_raw::lr,teacher_landmark_gate_raw__lr,teacher_landmark_gate_raw,lr,1,3,0.279918928900558,0.8337780568199655,0.24723492679374995,0.3333333333333333,0.08999999999999998,0.8381890372814933,0.265770269903083,0.3431372549019608,0.8536585365853658,0.7293868921775899,0.7305919886565048,{'clf__C': 5},ok,
global_floor_050,retrained,global_floor,1.0,,0.5,screen,global_floor_050::teacher_landmark_windowed_raw::elastic_lr,teacher_landmark_windowed_raw__elastic_lr,teacher_landmark_windowed_raw,elastic_lr,2,17,0.3234110043956373,0.8140009417673835,0.2418226366377127,0.3404255319148936,0.2949999999999999,0.8229773629660186,0.30094548005929045,0.35294117647058826,0.36585365853658536,0.9386892177589852,0.6919532080822404,"{'clf__l1_ratio': 0.7, 'clf__C': 1}",ok,
softmax_free,retrained,softmax_free,1.0,,,wide,softmax_free::teacher_landmark_raw_cal::elastic_lr_dense_fixed,teacher_landmark_raw_cal__elastic_lr_dense_fixed,teacher_landmark_raw_cal,elastic_lr_dense_fixed,2,4,0.18953767357385576,0.8161983989954481,0.24083784197704716,0.41935483870967744,0.1999999999999999,0.7964213891610376,0.27776201407996814,0.28865979381443296,0.34146341463414637,0.9112050739957717,0.7403403048564339,,ok,
softmax_free,retrained,softmax_free,1.0,,,wide,softmax_free::teacher_landmark_next_raw::elastic_lr_dense_fixed,teacher_landmark_next_raw__elastic_lr_dense_fixed,teacher_landmark_next_raw,elastic_lr_dense_fixed,2,3,0.2658796559507574,0.8172971276094805,0.2397355133298546,0.3466666666666667,0.18999999999999995,0.8243696179033672,0.23734862213733668,0.3333333333333333,0.4878048780487805,0.8752642706131079,0.7128677773839064,,ok,
softmax_temp_130,retrained,softmax_free,1.3,,,screen,softmax_temp_130::teacher_landmark_windowed_raw::lr,teacher_landmark_windowed_raw__lr,teacher_landmark_windowed_raw,lr,1,17,0.23744064898973702,0.8006592371684194,0.23694088367683405,0.30985915492957744,0.17999999999999994,0.8104986335275615,0.2314981777784273,0.3076923076923077,0.43902439024390244,0.8773784355179705,0.7024104927330734,{'clf__C': 5},ok,
softmax_free,retrained,softmax_free,1.0,,,wide,softmax_free::teacher_interact_raw::elastic_lr_dense_fixed,teacher_interact_raw__elastic_lr_dense_fixed,teacher_interact_raw,elastic_lr_dense_fixed,2,7,0.2829648346253582,0.8193376236069692,0.22714497472740197,0.345679012345679,0.17999999999999994,0.8264837828082298,0.2538715889739691,0.34074074074074073,0.5609756097560976,0.8498942917547568,0.6974477135767458,,ok,
reuse_current_hard_cap_025,reuse_current,side_cap,1.0,0.25,,screen,reuse_current_hard_cap_025::teacher_landmark_windowed_raw::lr_balanced,teacher_landmark_windowed_raw__lr_balanced,teacher_landmark_windowed_raw,lr_balanced,1,17,0.30203515706001727,0.7968921676345943,0.2264667863988804,0.32786885245901637,0.7549999999999997,0.814933223328005,0.31969939238824474,0.3364485981308411,0.43902439024390244,0.8985200845665962,0.6852180077986529,{'clf__C': 5},ok,
side_cap_035,retrained,side_cap,1.0,0.35,,wide,side_cap_035::teacher_landmark_raw_cal::lightgbm_small_fixed,teacher_landmark_raw_cal__lightgbm_small_fixed,teacher_landmark_raw_cal,lightgbm_small_fixed,3,4,0.24351023184956197,0.8337780568199654,0.22577845018569898,0.4,0.17499999999999993,0.8235703604393337,0.23771392641610756,0.2912621359223301,0.36585365853658536,0.9006342494714588,0.7002835873803616,,ok,
softmax_free,retrained,softmax_free,1.0,,,wide,softmax_free::teacher_full_lowdim::elastic_lr_sparse_fixed,teacher_full_lowdim__elastic_lr_sparse_fixed,teacher_full_lowdim,elastic_lr_sparse_fixed,2,18,0.2766543956466929,0.8081933762360697,0.22308355828378626,0.3181818181818182,0.15499999999999997,0.8203991130820398,0.23420932831288008,0.32894736842105265,0.6097560975609756,0.8181818181818182,0.6875221552640908,,ok,
softmax_free,retrained,softmax_free,1.0,,,wide,softmax_free::teacher_interact_raw::elastic_lr_sparse_fixed,teacher_interact_raw__elastic_lr_sparse_fixed,teacher_interact_raw,elastic_lr_sparse_fixed,2,7,0.28382042690739534,0.8074085700831894,0.2220242619152846,0.32098765432098764,0.16999999999999993,0.8206053730727583,0.23680533971707923,0.3382352941176471,0.5609756097560976,0.8477801268498943,0.6871676710386387,,ok,
reuse_current_hard_cap_025,reuse_current,side_cap,1.0,0.25,,screen,reuse_current_hard_cap_025::teacher_landmark_windowed_raw::elastic_lr,teacher_landmark_windowed_raw__elastic_lr,teacher_landmark_windowed_raw,elastic_lr,2,17,0.29566000423929184,0.7950086328676818,0.22165994884294296,0.32786885245901637,0.2099999999999999,0.816273913267674,0.30641374191402054,0.35514018691588783,0.4634146341463415,0.9006342494714588,0.6915987238567883,"{'clf__l1_ratio': 0.5, 'clf__C': 5}",ok,
reuse_current_hard_cap_025,reuse_current,side_cap,1.0,0.25,,screen,reuse_current_hard_cap_025::teacher_landmark_windowed_raw::lr,teacher_landmark_windowed_raw__lr,teacher_landmark_windowed_raw,lr,1,17,0.29721270414755824,0.7940668654842253,0.22081072866108442,0.3225806451612903,0.2049999999999999,0.8162739132676738,0.3074641531688965,0.35185185185185186,0.4634146341463415,0.8985200845665962,0.6901807869549805,{'clf__C': 5},ok,
softmax_free,retrained,softmax_free,1.0,,,wide,softmax_free::teacher_full_lowdim::elastic_lr_dense_fixed,teacher_full_lowdim__elastic_lr_dense_fixed,teacher_full_lowdim,elastic_lr_dense_fixed,2,18,0.28813840986006933,0.812431329461623,0.21975084623908875,0.3333333333333333,0.14999999999999997,0.8188521631516527,0.24842313576147726,0.325,0.6341463414634146,0.8033826638477801,0.684331797235023,,ok,
side_cap_035,retrained,side_cap,1.0,0.35,,wide,side_cap_035::teacher_full_lowdim::lightgbm_small_fixed,teacher_full_lowdim__lightgbm_small_fixed,teacher_full_lowdim,lightgbm_small_fixed,3,18,0.2678668286476494,0.8279704912886517,0.21949452584884924,0.3582089552238806,0.2049999999999999,0.8099572010519259,0.21137439407433967,0.29906542056074764,0.3902439024390244,0.8942917547568711,0.706575682382134,,ok,
global_floor_050,retrained,global_floor,1.0,,0.5,screen,global_floor_050::teacher_landmark_windowed_raw::lr,teacher_landmark_windowed_raw__lr,teacher_landmark_windowed_raw,lr,1,17,0.32591803915610335,0.8089781823889499,0.21782789965782928,0.3333333333333333,0.2999999999999999,0.8244727478987264,0.3039801680198968,0.35714285714285715,0.36585365853658536,0.9408033826638478,0.695852534562212,{'clf__C': 5},ok,
hard_cap_025,retrained,side_cap,1.0,0.25,,screen,hard_cap_025::teacher_landmark_windowed_raw::lr_balanced,teacher_landmark_windowed_raw__lr_balanced,teacher_landmark_windowed_raw,lr_balanced,1,17,0.2757158177427374,0.8034845393187883,0.2010930341930945,0.3157894736842105,0.7099999999999997,0.8218944980147476,0.28421571770960563,0.336,0.5121951219512195,0.8668076109936576,0.6990428925912797,{'clf__C': 5},ok,
hard_cap_025,retrained,side_cap,1.0,0.25,,screen,hard_cap_025::teacher_landmark_windowed_raw::lr,teacher_landmark_windowed_raw__lr,teacher_landmark_windowed_raw,lr,1,17,0.270362988347633,0.8016010045518757,0.19767110748472677,0.302158273381295,0.06,0.8219976280101068,0.28120645946754164,0.2903225806451613,0.8780487804878049,0.638477801268499,0.705955334987593,{'clf__C': 5},ok,
